,country,list_of_countries_by_air_pollution.csv--Rank,list_of_countries_by_air_pollution.csv--Country/Region,list_of_countries_by_air_pollution.csv--2022,list_of_countries_by_air_pollution.csv--2021,list_of_countries_by_air_pollution.csv--2020,list_of_countries_by_air_pollution.csv--2019,list_of_countries_by_air_pollution.csv--2018,list_of_countries_by_air_pollution.csv--Population,list_of_countries_by_alcohol_consumption_per_capita.csv--Country,list_of_countries_by_alcohol_consumption_per_capita.csv--1996[7],list_of_countries_by_alcohol_consumption_per_capita.csv--2016[8],list_of_countries_by_birth_rate.csv--Country/territory,list_of_countries_by_birth_rate.csv--PRB 2022[1],list_of_countries_by_birth_rate.csv--CIA WF 2023[2],list_of_countries_by_gdp__nominal_.csv--Country/Territory,list_of_countries_by_gdp__nominal_.csv--UN region,list_of_countries_by_gdp__nominal_.csv--IMF[1][13],list_of_countries_by_gdp__nominal_.csv--IMF[1][13].1,list_of_countries_by_gdp__nominal_.csv--World Bank[14],list_of_countries_by_gdp__nominal_.csv--World Bank[14].1,list_of_countries_by_gdp__nominal_.csv--United Nations[15],list_of_countries_by_gdp__nominal_.csv--United Nations[15].1,list_of_countries_by_minimum_wage.csv--Country,list_of_countries_by_minimum_wage.csv--Minimum wage,list_of_countries_by_minimum_wage.csv--Annual,list_of_countries_by_minimum_wage.csv--Annual.1,list_of_countries_by_minimum_wage.csv--Workweek (hours)[4],list_of_countries_by_minimum_wage.csv--Hourly,list_of_countries_by_minimum_wage.csv--Hourly.1,list_of_countries_by_minimum_wage.csv--Percent of GDP per capita[5],list_of_countries_by_minimum_wage.csv--Effective per,list_of_countries_by_number_of_households.csv--Country,list_of_countries_by_number_of_households.csv--Continent,list_of_countries_by_number_of_households.csv--Current Population,list_of_countries_by_number_of_households.csv--Number In Household,list_of_countries_by_number_of_households.csv--Households,list_of_countries_by_number_of_households.csv--% 1 Member,list_of_countries_by_number_of_households.csv--% 2-3 Members,list_of_countries_by_number_of_households.csv--% 4-5 Members,list_of_countries_by_number_of_households.csv--% 6+ Members,list_of_countries_by_number_of_households.csv--Year,list_of_countries_by_suicide_rate.csv--Country,list_of_countries_by_suicide_rate.csv--All,list_of_countries_by_suicide_rate.csv--Male,list_of_countries_by_suicide_rate.csv--Female,list_of_countries_by_firearm-related_death_rate.csv--Country,list_of_countries_by_firearm-related_death_rate.csv--Year,list_of_countries_by_firearm-related_death_rate.csv--Total,list_of_countries_by_firearm-related_death_rate.csv--Homicide,list_of_countries_by_firearm-related_death_rate.csv--Suicide,list_of_countries_by_firearm-related_death_rate.csv--Unintentional,list_of_countries_by_firearm-related_death_rate.csv--Undetermined,list_of_countries_by_firearm-related_death_rate.csv--Guns per 100 inhabitants,list_of_countries_by_firearm-related_death_rate.csv--Sources and notes,list_of_countries_by_average_wage.csv--Country,list_of_countries_by_average_wage.csv--2000,list_of_countries_by_average_wage.csv--2010,list_of_countries_by_average_wage.csv--2020,list_of_countries_by_average_wage.csv--2022
0,Albania,73,Albania,14.5,12.5,16,--,--,2811666,Albania,2.59,7.5,Albania,10.0,12.48,Albania,Europe,23032,2023,18882,2022,18260,2021,Albania,"40,000 lek (US$430) per month. The law establishes a 40-hour workweek, but the actual workweek is typically set by individual or collective-bargaining agreement.[10][11][12][13]",4637.0,8697.0,40,2.23,4.18,75.4%,1 April 2023,Albania,Europe,2845955,3.3,862512,9.95,48.08,32.51,9.45,2017[2],Albania,3.7,5.3,2.2,,,,,,,,,,,,,,
1,Algeria,58,Algeria,17.8,20,20.2,21.2,--,44177969,Algeria,0.27,0.9,Algeria,22.0,17.84,Algeria,Africa,224107,2023,191913,2022,163473,2021,Algeria,"DA 20,000 (US$156.19) per month, nationally.[14][15]",1777.0,6247.0,40,0.85,3.0,41.6%,1 May 2020,,,,,,,,,,,Algeria,2.6,3.3,1.9,,,,,,,,,,,,,,
2,Andorra,117,Andorra,5.4,7.3,7.4,--,--,79034,Andorra,–,11.3,Andorra,6.0,6.87,Andorra,Europe,3692,2023,3352,2022,3325,2021,Andorra,€7.42 (USD8.33) hourly.[16],18253.0,13493.0,40,8.0,6.0,28%,1 January 2023,,,,,,,,,,,,,,,,,,,,,,,,,,,,
3,Angola,102,Angola,8.8,11,13,15.9,--,34503774,Angola,1.58,6.4,Angola,39.0,41.42,Angola,Africa,93796,2023,106714,2022,70533,2021,Angola,"Kz 32,181 (US$61) per month; paid thirteen times a year.[17][18]",663.0,3161.0,44,0.29,1.38,49%,2022,Angola,Africa,31127674,4.82,6463847,10.81,23.90,28.46,36.83,2016[2],Angola,12.6,21.7,4.7,,,,,,,,,,,,,,
4,Argentina,108,Argentina,7.7,8.2,14.2,14.6,--,45808747,Argentina,9.58,9.8,Argentina,14.0,15.38,Argentina,Americas,621833,2023,632770,2022,487227,2021,Argentina,"Arg$146,000 (US$400) per month for up to 200 hours; paid thirteen times a year.[21]",19981.0,175578.0,48,8.01,70.34,880.5%,1 November 2023,Argentina,South America,45376763,3.26,13925275,17.6,42.33,28.95,11.12,2010[2],Argentina,8.1,13.5,3.3,Argentina,2018,5.72,2.80,1.05,0.10,1.77,7.4 (2016),Guns in Argentina[4],,,,,
5,Armenia,22,Armenia,31.4,33.9,24.9,25.5,--,2790974,Armenia,0.84,5.5,Armenia,12.0,10.8,Armenia,Asia,24540,2023,19503,2022,13861,2021,Armenia,"֏75,000 (US$190) per month.[10][22]",1787.0,4567.0,40,0.86,2.2,51.7%,15 November 2022,Armenia,Asia,2967900,3.54,837896,15.19,36.17,32.30,16.34,2016[2],Armenia,2.7,4.9,1.0,,,,,,,,,,,,,,
6,Australia,123,Australia,4.2,5.7,7.6,8,6.8,25688079,Australia,9.55,10.6,Australia,12.0,12.23,Australia,Oceania,1687713,2023,1675419,2022,1734532,2021,Australia,"Most workers are covered by an award, which may vary by employee age, geographical location and industry. Workers receive mandatory employer loadings such as penalty rates or leave loading. Minimum wages are set federally by the Fair Work Commission. For those 21 and older, not covered by an award or other instrument, (as of July 1, 2023) - the minimum wage is $A 882.80 (US$600) per week, or $A 23.23 (US$15) per hour.[23] Casual workers are paid a loading of typically 25%, resulting in a minimum of A$28 (US$18) per hour for those workers. Workers under 21, apprentices and trainees not covered by an award, have a minimum wages set at a percentage of the ordinary rate.[24] For those under 16, this is 36.8% or A$7.87 (US$5.25) per hour; $A 9.83 (US$6.56) with the casual loading.[25]",34515.0,28691.0,38,17.47,14.52,62.4%,1 July 2023,Australia,Australasia,25598869,2.5,10220186,24.34,49.95,22.44,3.27,2011[2],Australia,11.3,17.0,5.6,Australia,2019,0.88,0.15,0.72,0.00,0.03,13.7 (2016),Guns in Australia[5],Australia,48213.0,55536,60377,59408.0
7,Austria,92,Austria,10.6,11.4,10.9,12.2,15,8955797,Austria,11.90,11.6,Austria,10.0,9.39,Austria,Europe,526182,2023,471400,2022,480368,2021,Austria,"None; National collective bargaining agreements set minimum wages by job classification for each industry and provide for a minimum wage of €1,200 (US$1419) per month[dubious – discuss]. Wages where no such collective agreements exist, such as for domestic workers, janitorial staff and au pairs, are regulated by relevant legislation and are generally lower than those covered by collective bargaining. The national minimum wage legislation has lapsed, although is still in force by convention.[26][10]",,,40,,,,2017,Austria,Europe,8935112,2.27,3933516,36.34,44.52,17.06,2.08,2011[2],Austria,10.4,16.6,4.6,Austria,2016,2.75,0.10,2.44,0.01,0.11,30.0 (2017),Guns in Austria[6],Austria,57529.0,62831,64648,63802.0
8,Azerbaijan,51,Azerbaijan,18.9,17.6,--,--,--,10137750,Azerbaijan,4.16,0.8,Azerbaijan,13.0,13.2,Azerbaijan,Asia,77392,2023,78721,2022,54622,2021,Azerbaijan,₼345 (US$203) per month.,2435.0,11829.0,40,1.17,5.69,68.5%,5 January 2023[27],Azerbaijan,Europe,10085900,4.55,2217398,6.77,20.86,44.69,27.68,2009[2],Azerbaijan,4.0,6.6,1.5,Azerbaijan,mixed years,0.23,0.20 (2017),0.01,0.02,?,3.6 (2017),Guns in Azerbaijan[7],,,,,
9,Bahrain,4,Bahrain,66.6,49.8,39.7,46.8,59.8,1463265,Bahrain,–,1.9,Bahrain,12.0,12.3,Bahrain,Asia,44994,2023,44391,2022,38869,2021,Bahrain,None; BD 300 (US$800) for the public sector workers (only applies to Bahraini nationals).[10],,,48,,,,2017,,,,,,,,,,,Bahrain,7.2,9.9,2.3,,,,,,,,,,,,,,
10,Bangladesh,5,Bangladesh,65.8,76.9,77.1,83.3,97.1,169356251,Bangladesh,–,0.0,Bangladesh,18.0,17.5,Bangladesh,Asia,446349,2023,460201,2022,414907,2021,Bangladesh,"Tk. 1,500/- (US$19) per month for all economic sectors not covered by industry-specific wages; in the garment industry the minimum wage raised to Tk. 8,000/- (US$95) per month since 1 December 2018.[30] The minimum wage is set nationally every five years by the National Minimum Wage Board in a tripartite forum industry by industry.[10][18][31][32][33]",212.0,564.0,48,0.08,0.23,15.8%,1 December 2013,Bangladesh,Asia,169660274,4.47,37957746,1.74,29.71,45.59,22.96,2014[2],Bangladesh,3.9,6.0,1.7,,,,,,,,,,,,,,
11,Belgium,91,Belgium,10.8,11.5,8.9,12.5,13.5,11592952,Belgium,10.94,12.1,Belgium,10.0,10.86,Belgium,Europe,627511,2023,578604,2022,594104,2021,Belgium,"€1,691.40 (US$2000) per month.[37][18][38]",24005.0,23065.0,38,12.15,11.67,49.7%,1 January 2022,Belgium,Europe,11539878,2.36,4883743,30.87,48.31,18.70,2.12,2011[2],Belgium,13.9,19.6,8.4,Belgium,2015,1.40,0.25,1.09,0.04,0.03,6.86 (2015),Guns in Belgium[10],Belgium,60929.0,63295,63677,64848.0
12,Belize,116,Belize,5.6,--,--,--,--,400031,Belize,5.85,6.7,Belize,17.0,20.93,Belize,Americas,3218,2023,2824,2022,2492,2021,Belize,BZ$5 (US$2.48) per hour.[10][39][40],5850.0,10263.0,45,2.5,4.39,121.3%,22 July 2022,,,,,,,,,,,Belize,7.7,13.6,1.8,,,,,,,,,,,,,,
13,Bermuda,128,Bermuda,3.0,--,--,--,--,63867,,,,,,,Bermuda,Americas,—,—,7551,2022,7231,2021,,,,,,,,,,Bermuda,Caribbean,64054,2.26,28314,34.09,48.39,15.81,1.70,2016[2],,,,,,,,,,,,,,,,,,
14,Bolivia,112,Bolivia,7.3,--,--,--,--,12079472,Bolivia,3.35,4.8,Bolivia,22.0,18.08,Bolivia,Americas,46796,2023,43069,2022,40408,2021,Bolivia,"Bs. 2,362 (US$343) per month.[44] plus an obligatory Christmas bonus equal to one month's pay, prorated for the amount of time the worker has worked in their present position. Plus a second Christmas Bonus if the government decries the economy grew enough, plus an extra month paid in May if the company made a profit for the previous year.[45][46]",4444.0,8926.0,48,1.78,3.58,123.4%,1 May 2023,Bolivia,South America,11633371,3.53,3295144,20.34,34.82,27.64,17.2,2012[2],Bolivia,6.8,9.6,4.2,Bolivia,mixed years,?,0.74 (2010),?,?,?,2.5 (2012),Guns in Bolivia[11],,,,,
15,"Bonaire, Saint Eustatius and Saba",127,"Bonaire, Saint Eustatius and Saba",3.3,5.1,--,--,--,26221,,,,,,,,,,,,,,,,,,,,,,,,,,,,,,,,,,,,,,,,,,,,,,,,,,,
16,Bosnia and Herzegovina,19,Bosnia and Herzegovina,33.6,27.8,40.6,34.6,40,3270943,Bosnia and Herzegovina,8.25,6.4,Bosnia and Herzegovina,7.0,8.31,Bosnia and Herzegovina,Europe,26945,2023,24528,2022,23365,2021,Bosnia and Herzegovina,KM 543 (US$269) net per month.[47],3949.0,8044.0,40,1.9,3.87,66.1%,2022,,,,,,,,,,,Bosnia and Herzegovina,8.3,13.5,3.4,,,,,,,,,,,,,,
17,Brazil,81,Brazil,12.2,13.6,14.2,15.8,16.3,214326223,Brazil,5.57,7.8,Brazil,13.0,13.44,Brazil,Americas,2126809,2023,1920096,2022,1608981,2021,Brazil,"R$1,320 per month (US$261), paid 13 times a year.[49] The Brazilian minimum wage is adjusted annually by the federal government, but each Brazilian state has the option to either follow the national minimum wage or to set its own minimum wage, which cannot be lower than the federal minimum wage. In 2022, five states (RS, SC, PR, SP and RJ) decided to stick with the latter option in order to have higher state minimum wages.[50]",3184.0,7836.0,44,1.39,3.42,51.8%,1 May 2023,Brazil,South America,212347290,3.31,64124398,12.00,47.27,31.91,8.82,2010[2],Brazil,6.4,10.3,2.8,Brazil,2017,23.93,22.91,0.46,0.16,0.39,8.6,Guns in Brazil[12],,,,,
18,Bulgaria,55,Bulgaria,18.3,16.3,27.5,25.5,25.8,6877743,Bulgaria,9.52,12.7,Bulgaria,9.0,7.97,Bulgaria,Europe,103099,2023,89040,2022,84058,2021,Bulgaria,"780 lev (€399) per month, 4.72 lev (€2.41) per hour.[37][51][52][53]",5950.0,13090.0,40,2.86,6.29,68%,1 January 2023,Bulgaria,Europe,6951482,2.34,2973737,30.53,50.97,16.62,1.89,2011[2],Bulgaria,6.5,10.6,2.9,Bulgaria,2014,1.51,0.20 (2016),0.73,0.26,0.14,"6.2-19.4 (2007, 2006)",Guns in Bulgaria[13],,,,,
19,Burkina Faso,6,Burkina Faso,63.0,--,--,--,--,22100683,Burkina Faso,0.45,8.2,Burkina Faso,35.0,32.71,Burkina Faso,Africa,20785,2023,18885,2022,19738,2021,Burkina Faso,"F.CFA 34,664 (US$59) per month.[10][54]",750.0,1905.0,40,0.36,0.92,107.6%,1 April 2012,Burkina Faso,Africa,21510181,5.92,3630745,6.64,19.51,27.4,46.46,2014[2],Burkina Faso,14.4,24.5,6.5,,,,,,,,,,,,,,
20,Cambodia,104,Cambodia,8.3,19.8,21.1,25.8,--,17652114,Cambodia,0.34,6.7,Cambodia,22.0,18.75,Cambodia,Asia,30943,2023,29957,2022,26669,2021,Cambodia,"៛ 818,800 (US$200) per month, for the textile and shoe industries.[55][10][18][56]",,,48,,,,3 October 2023,Cambodia,Asia,15288489,4.61,3315050,3.37,25.65,43.08,27.9,2014[2],Cambodia,5.5,8.4,3.1,,,,,,,,,,,,,,
21,Canada,111,Canada,7.4,8.5,7.3,7.7,7.9,38246108,Canada,7.52,8.9,Canada,10.0,10.11,Canada,Americas,2117805,2023,2139840,2022,1988336,2021,Canada,The minimum wage in Canada is set federally and by each province and territory; ranges from Can$13 to Can$16 (US$9.69 to US$11.93) per hour. The minimum wage calculated here is a weighted average based on the relative population in each province.[10][58][59],24128.0,22176.0,40,11.6,10.66,49.5%,1 June 2022,Canada,North America,38246955,2.45,15618491,28.20,49.59,19.20,3.02,2016[2],Canada,10.3,15.3,5.4,Canada,2018,1.94,0.52 (2018),1.40 (2018),0.00,0.00,34.70 (2017),Guns in Canada[14],Canada,46526.0,52457,59160,59050.0
22,Chad,1,Chad,89.7,75.9,--,--,--,17179740,Chad,0.23,1.5,Chad,43.0,39.85,Chad,Africa,12596,2023,12704,2022,16410,2021,Chad,"F.CFA 59,995 (US$110) per month, F.CFA 355 (US$0.60) per hour.[10][64][65]",1298.0,3484.0,39,0.64,1.72,175%,18 October 2011,Chad,Africa,16244513,5.78,2811841,7.73,18.49,25.67,48.11,2015[2],Chad,13.2,20.2,6.9,,,,,,,,,,,,,,
23,Chile,43,Chile,22.2,21.7,19.3,22.6,24.9,19493184,Chile,7.06,9.3,Chile,11.0,12.57,Chile,Americas,344400,2023,301025,2022,317059,2021,Chile,"Ch$410,000 (US$514 per month for workers aged 18–65; or Ch$305,851 (US$384) per month for workers younger than 18 and older than 65; and Ch$264,282 (US$331) per month for 'non remunerative' purposes.[66]",6483.0,10811.0,45,2.77,4.62,46.6%,1 January 2023,Chile,South America,19458310,3.58,5440715,11.43,39.22,37.11,12.24,2002[2],Chile,8.0,13.4,3.0,Chile,2015,2.79,1.92,0.54,0.33,0.04 (2001),12.1 (2017),Guns in Chile[15],Chile,20515.0,27871,31369,
24,China,25,China,30.6,32.6,34.7,39.1,41.2,1412360000,China,5.39,7.2,China,8.0,9.69,China,Asia,17700899,[n 1]2023,17963171,[n 3]2022,17734131,[n 1]2021,China,"The minimum wage in China is set locally; ranges from RMB 1,420 (US$208.82) per month, or RMB 14.6 (US$2.06) per hour in Liaoning; to RMB 2,420 (US$379.77) per month, or RMB 21 (US$3.30) per hour in Shanghai.[18][67][68][69][70]",2642.0,4426.0,40,1.27,2.13,28.5%,31 July 2018,China,Asia,1409778724,2.7,522689264,14.53,51.23,27.6,6.64,2020[2],China,6.7,8.6,4.8,,,,,,,,,,,,,,
25,Colombia,63,Colombia,15.7,14.1,15.6,14.6,13.9,51516562,Colombia,6.41,5.8,Colombia,15.0,15.06,Colombia,Americas,363835,2023,343939,2022,314464,2021,Colombia,"Col$1,160,000 + Col$140,606 by transportation subsidy (US$288) per month[71]",4516.0,12328.0,48,1.81,4.94,87.1%,1 January 2023,Colombia,South America,50372424,3.53,14282545,11.13,42.41,34.80,11.66,2015[2],Colombia,3.7,6.0,1.7,Colombia,2015,20.38,18.20 (2016),0.69,0.11,0.37,10.10 (2017),Guns in Colombia[16],Colombia,,19800,24681,
26,Costa Rica,107,Costa Rica,7.9,7.8,8.2,10.4,--,5153957,Costa Rica,5.72,4.8,Costa Rica,11.0,14.03,Costa Rica,Americas,85590,2023,68381,2022,64282,2021,Costa Rica,"Varies for specified industries from ₡10,060.75 (US$16.73) per 8-hour work day for all workers to ₡13,141.39 (US$23) per day for specialized workers. All other occupations not explicitly covered fall under the generic scale, which varies from ₡350,975 (US$528) per month for unskilled workers to ₡644,689.3 (US$1,134) per month for licentiates.[74]",6785.0,11284.0,48,2.72,4.52,67.9%,1 January 2023,Costa Rica,Central America,5111238,3.46,1476628,11.23,42.7,35.83,10.25,2011[2],Costa Rica,7.6,13.3,1.9,Costa Rica,2014,7.59,6.46,0.9,0.08,0.15,10 (2017),Guns in Costa Rica[17],Costa Rica,18160.0,21062,31341,
27,Croatia,37,Croatia,23.5,25.4,21.2,19.1,22.2,3899000,Croatia,11.75,8.9,Croatia,9.0,8.6,Croatia,Europe,80185,2023,70965,2022,68955,2021,Croatia,"The minimum wage in Croatia is kn 3,750 (US$590) per month.[18][77]",7075.0,11250.0,40,3.4,5.41,48%,1 January 2019,Croatia,Europe,4058165,2.8,1451732,24.56,44.43,25.28,5.73,2011[2],Croatia,11.0,17.7,5.1,Croatia,2016,2.83,0.35,2.39,0.07,0.02,13.7 (2017),Guns in Croatia[18],,,,,
28,Cyprus,65,Cyprus,15.6,14.8,15.8,19.7,17.6,1244188,Cyprus,10.00,10.8,Cyprus,10.0,10.37,Cyprus,Asia,32032,[n 10]2023,28439,[n 10]2022,28408,[n 10]2021,Cyprus,"None; €870 (US$1,006) per month for shop assistants, nurses' assistants, clerks, hairdressers, and nursery assistants; it rises to €924 (US$1,069) after six months' employment. For asylum seekers working as unskilled workers in the agricultural sector, the minimum monthly wage was €425 (US$570) with accommodation and food provided. For skilled workers in the agricultural sector, the minimum salary was €767 (US$1,040) without accommodation and food.[10]",,,48,,,,2017,Cyprus,Europe,875900,2.75,318823,18.72,52.55,25.82,2.92,2011[2],Cyprus,3.2,5.3,1.1,Cyprus,2016,1.00,0.50,0.33,0.08,0.09 (2009),36.4,Guns in Cyprus[20],,,,,
29,Czech Republic,75,Czech Republic,13.4,13.9,12.3,14.4,20.2,10505772,Czech Republic,14.35,14.4,Czech Republic,11.0,8.43,Czech Republic,Europe,335243,2023,290924,2022,281778,2021,Czech Republic,"Kč 16,200 per month, (US$686) or Kč 90.5 (US$3.84) per hour.[79][18][80]",8683.0,13182.0,40,4.17,6.34,37.9%,1 January 2022,Czech Republic,Europe,10699142,2.4,4465680,27.28,51.34,20.37,1.02,2011[2],Czech Republic,9.5,15.4,3.8,Czech Republic,2016,1.64,0.10 (2017),1.43,0.06,0.08,16.3,Guns in Czech Republic[21],Czech Republic,20070.0,28648,35552,33476.0
30,Democratic Republic of the Congo,66,Democratic Republic of the Congo,15.5,--,--,32.1,--,95894118,,,,,,,,,,,,,,,Democratic Republic of the Congo,"FC 1,680 (US$1.83) per day.[10][72]",220.0,741.0,45[73],0.09,0.32,92.4%,1 January 2009,,,,,,,,,,,,,,,,,,,,,,,,,,,,
31,Denmark,103,Denmark,8.6,9.6,9.4,9.6,--,5856733,Denmark,12.15,10.4,Denmark,11.0,11.25,Denmark,Europe,420800,2023,395404,2022,398303,2021,Denmark,"None; instead, negotiated between unions and employer associations; the average minimum wage for all private and public sector collective bargaining agreements was approximately DKr 110 (nominally US$16) per hour, exclusive of pension benefits.[10][81]",,,37.5,,,,2017,,,,,,,,,,,Denmark,7.6,11.1,4.2,Denmark,2015,0.91,0.18,0.72,0.02,0.02 (2014),9.90 (2017),Guns in Denmark[22],Denmark,52019.0,61537,66203,64127.0
32,Egypt,9,Egypt,46.5,29.1,--,18,--,109262178,Egypt,0.53,0.4,Egypt,21.0,20.48,Egypt,Africa,398397,2023,476748,2022,425906,2021,Egypt,"None;The minimum wage is LE 4,000 (US$130.1) per month.[10][88] The private sector (There are certain grace periods in certain industries such as tourism, retail, and clothing.) is LE 2,700 (US$87.8)per month.[89][90]",,,42,,,,2023,Egypt,Africa,101189802,4.13,24496076,6.48,30.40,43.12,20.00,2014[2],Egypt,3.4,4.7,2.2,,,,,,,,,,,,,,
33,El Salvador,74,El Salvador,14.2,--,--,--,--,6314167,El Salvador,2.54,3.7,El Salvador,16.0,17.49,El Salvador,Americas,35339,2023,32489,2022,28737,2021,El Salvador,The minimum wage was set by the government at US$304.17 monthly in 2018.[10][18][91],3650.0,7019.0,44,1.6,3.07,81.5%,1 January 2018,El Salvador,South America,6765753,4.07,1662356,8.82,34.09,36.82,20.28,2007[2],El Salvador,6.1,11.1,2.1,El Salvador,2015,78.52,71.60 (2016),0.15,0.05 (2013),0.15,5.8,Guns in El Salvador[23],,,,,
34,Estonia,120,Estonia,4.9,5.9,5.9,6.2,7.2,1330932,,,,Estonia,9.0,8.48,Estonia,Europe,41799,2023,38101,2022,37191,2021,Estonia,"€725 (US$857) per month, or €4.30 (US$5.09) per hour.[92][18]",10578.0,14662.0,40,5.09,7.05,49.3%,1 January 2023,Estonia,Europe,1328976,2.3,578440,33.90,47.28,17.14,1.67,2011[2],Estonia,12.0,20.2,4.5,Estonia,2015,1.34,0.00,1.19,0.24 (2014),0.16,9.2,Guns in Estonia[24],Estonia,14254.0,24461,35128,34705.0
35,Ethiopia,23,Ethiopia,31.3,23.9,14.7,20.1,27.1,120283026,Ethiopia,1.02,2.8,Ethiopia,32.0,29.97,Ethiopia,Africa,155804,2023,126783,2022,99269,2021,Ethiopia,"None; some government institutions and public enterprises set their own minimum wages: public sector employees, the largest group of wage earners, earned a monthly minimum wage of Br 420 (US$21); employees in the banking and insurance sector had a minimum monthly wage of Br 336 (US$18).[10]",,,48,,,,2017,Ethiopia,Africa,100829000,4.61,21850103,7.52,27.01,32.00,33.47,2016[2],Ethiopia,9.5,14.2,5.2,,,,,,,,,,,,,,
36,Finland,119,Finland,5.0,5.5,5,5.6,6.6,5541017,Finland,8.26,10.7,Finland,9.0,10.33,Finland,Europe,305689,2023,280826,2022,297302,2021,Finland,"None; however, the law requires all employers, including non-unionized ones, to pay minimum wages agreed to in collective bargaining agreements; almost all workers are covered under such arrangements.[10]",,,40,,,,2017,Finland,Europe,5503335,2.07,2652262,41.01,44.46,12.97,1.57,2010[2],Finland,13.4,20.1,6.8,Finland,2015,2.41,0.20 (2016),2.17,0.02,0.02,32.4 (2017),Guns in Finland[26][27],Finland,43073.0,49911,51092,51836.0
37,France,84,France,11.5,11.4,11.1,12.3,13.2,67749632,France,13.74,12.6,France,11.0,11.56,France,Europe,3049016,2023,2782905,2022,2957880,2021,France,"€1,709.28 (US$2022) gross per month, €11.27(US$12.5) per hour.[95]",24259.0,23576.0,35,13.33,12.95,57%,1 January 2023,France,Europe,67146000,2.22,30217950,35.46,46.84,16.08,1.62,2015[2],France,9.7,15.2,4.5,France,2014,2.33,0.12,1.64,0.03,0.53,14.96,Guns in France[28],France,43694.0,49926,50550,52764.0
38,French Polynesia,130,French Polynesia,2.5,--,--,--,--,304032,,,,French Polynesia,13.0,13.22,French Polynesia,Oceania,—,—,—,—,6055,2021,,,,,,,,,,,,,,,,,,,,,,,,,,,,,,,,,,,,,
39,Gabon,32,Gabon,25.0,--,--,--,--,2341179,Gabon,6.76,11.5,Gabon,27.0,25.89,Gabon,Africa,19319,2023,21072,2022,18521,2021,Gabon,"F.CFA 150,000 (US$255) per month; government workers received an additional monthly allowance of F.CFA 20,000 (US$34) per child; government workers also received transportation, housing, and family benefits; the law does not mandate housing or family benefits for private sector workers.[10][96]",3246.0,4865.0,40,1.56,2.34,26.9%,1 February 2010,Gabon,Africa,2176766,4.1,531230,22.42,28.48,22.5,26.6,2012[2],Gabon,13.1,23.3,3.8,,,,,,,,,,,,,,
40,Georgia,61,Georgia,17.0,21,20.4,20.1,--,3708610,Georgia,4.50,9.8,Georgia,12.0,10.79,Georgia,Asia,30023,[n 11]2023,24605,[n 11]2022,18696,[n 11]2021,Georgia,"₾20 (US$8) per month for private sector workers which has remained unchanged since the early 1990s but is not applied in practice; ₾115 (US$48) per month for public employees;[10] ₾1,260 (US$478) for doctors and ₾792 (US$301) for nurses working in clinics involved in the state’s universal healthcare program.[97]",93.0,353.0,40,0.04,0.17,3.5%,2017,Georgia,Europe,3716858,3.34,1113542,17.48,39.28,30.60,12.64,2014[2],Georgia,7.7,14.0,2.2,Georgia,2019,1.44,0.62,0.47,0.35,?,10.10 (2017),Guns in Georgia[29],,,,,
41,Germany,88,Germany,11.0,10.6,10.1,11,13,83196078,Germany,11.67,13.4,Germany,10.0,9.02,Germany,Europe,4429838,2023,4072192,2022,4259935,2021,Germany,€12 per hour is the minimum wage in Germany. A higher minimum wage is often set by collective bargaining agreements and enforceable by law.[18],29520.0,30072.0,40[98],14.19,14.46,61.5%,1 October 2022,Germany,Europe,83122889,2.05,40624971,39.53,47.00,12.71,0.76,2011[2],Germany,8.3,12.8,3.9,Germany,2015,1.04,0.06,0.91,0.01,0.06,32.0 (2016),Guns in Germany[30],Germany,51344.0,52912,60309,58940.0
42,Ghana,27,Ghana,30.2,25.9,26.9,30.3,--,32833031,Ghana,0.41,2.7,Ghana,28.0,28.04,Ghana,Africa,76628,2023,72839,2022,79083,2021,Ghana,₵9.68 (US$1.7) per day.[18][10][99],433.0,1760.0,40,0.21,0.85,41%,1 January 2018,Ghana,Africa,30955202,3.49,8862356,25.88,30.34,25.30,18.48,2014[2],Ghana,10.5,20.0,1.8,,,,,,,,,,,,,,
43,Greece,50,Greece,19.0,19,18.4,22.5,--,10641221,Greece,10.41,10.4,Greece,8.0,7.52,Greece,Europe,242385,2023,219066,2022,214874,2021,Greece,"€780 (US$923) per month in 12 payments, €700 (US$732) per month in 14 payments.[37][100]",11070.0,13765.0,40,5.32,6.62,51.4%,1 April 2023,Greece,Europe,10724599,2.44,4394506,27.48,49.84,21.26,1.42,2011[2],Greece,3.6,5.9,1.5,Greece,2015,1.35,0.19,1.02,0.10,0.04,22.5,Guns in Greece[31],Greece,29797.0,35454,27747,25979.0
44,Grenada,124,Grenada,3.8,5.5,--,--,--,124610,Grenada,–,9.3,Grenada,16.0,13.61,Grenada,Americas,1306,2023,1256,2022,1115,2021,Grenada,"Minimum wage schedules set pay by occupation; for example, the minimum wage for domestic workers, for example, was EC$4.5 per hour, while that for a security guard was EC$8 per hour.[10]",,,40,,,,2017,,,,,,,,,,,Grenada,0.6,0.5,0.7,,,,,,,,,,,,,,
45,Guam,131,Guam,1.3,--,--,--,--,170534,,,,,,,,,,,,,,,,,,,,,,,,,,,,,,,,,,,,,,,,,,,,,,,,,,,
46,Guatemala,54,Guatemala,18.6,19.5,19.2,20.2,--,17109746,Guatemala,1.99,2.4,Guatemala,21.0,21.88,Guatemala,Americas,102765,2023,95003,2022,85986,2021,Guatemala,"Q 81.87 (US$10.9) per day for agricultural and nonagricultural work and Q 74.89 (US$10) per day for work in export-sector regime factories. Minimum wage earners also are due a mandatory monthly bonus of Q 250 (US$33), and salaried workers receive two mandatory yearly bonuses (the bono 14 and the Christmas bonus), each equivalent to one month's salary.[10][18]",3924.0,6974.0,48,1.57,2.79,87.8%,1 January 2016,Guatemala,Central America,16858333,4.81,3507977,4.33,26.57,37.51,31.6,2015[2],Guatemala,6.2,10.3,2.5,Guatemala,2015,25.48,20.41,0.29,4.78,4.17 (2010),13.1,Guns in Guatemala[32],,,,,
47,Guyana,79,Guyana,12.6,--,--,--,--,804567,Guyana,14.03,6.3,Guyana,20.0,16.74,Guyana,Americas,16329,2023,15358,2022,8044,2021,Guyana,"G$35,000 (US$168) per month, or G$1,616 (US$7) per day, or G$202 (US$1) per hour.[102]",2015.0,3204.0,40,0.97,1.54,40.9%,1 July 2013,Guyana,South America,744962,3.8,196290,12.87,36.69,32.09,18.35,2009[2],Guyana,40.9,65.0,17.0,,,,,,,,,,,,,,
48,Honduras,93,Honduras,10.2,11.8,--,--,--,10278345,Honduras,2.41,4.0,Honduras,21.0,17.64,Honduras,Americas,33992,2023,31718,2022,28489,2021,Honduras,"Minimum wages ranged from a low of L 6,096.71 per month, L 25.41 per hour to L 10,698.3 per month, L 44.58 per hour.[10][18][107]",2420.0,4948.0,44,1.06,2.16,104.5%,1 January 2018,Honduras,Central America,9304380,4.47,2082686,6.69,29.43,36.81,27.07,2012[2],Honduras,2.6,4.4,1.0,Honduras,mixed years,29.40,28.65 (2018),0.41 (2013),0.07 (2013),0.27 (2013),9.9–11.24 (mixed years),Guns in Honduras[33],,,,,
49,Hong Kong SAR,72,Hong Kong SAR,14.5,15.9,15.4,20.3,20.2,7413100,,,,,,,,,,,,,,,,,,,,,,,,,,,,,,,,,,,,,,,,,,,,,,,,,,,
50,Hungary,80,Hungary,12.6,15.5,14.3,14.6,16.8,9709891,Hungary,12.85,11.4,Hungary,9.0,8.58,Hungary,Europe,203829,2023,178789,2022,181848,2021,Hungary,"Ft 232,000 (US$765) per month for unskilled labor, Ft 296,400 (US$978) per month for skilled labor.[109]",9184.0,18636.0,40,4.42,8.96,69.8%,1 January 2023,Hungary,Europe,9769526,2.6,3753000,23.63,50.92,22.72,2.74,2011[2],Hungary,11.8,19.1,5.5,Hungary,2016,0.85,0.05,0.74,0.03,0.03,5.5,Guns in Hungary[35],Hungary,17969.0,24005,27588,28475.0
51,Iceland,126,Iceland,3.4,6.1,7.2,5.5,5,372520,Iceland,4.88,9.1,Iceland,13.0,12.8,Iceland,Europe,30570,2023,27842,2022,25602,2021,Iceland,"Unlike the other scandinavian countries, minimum wages are negotiated in various collectively bargained agreements and applied automatically to all employees in those occupations, regardless of union membership; while the agreements can be either industry- or sector-wide, and in some cases firm-specific, the minimum wage levels are occupation-specific.[10][37]",,,40,17.45,,,"3rd of december 2022 (conversion rate, 1st of september 2023)",,,,,,,,,,,Iceland,11.2,18.7,3.5,Iceland,2016,0.07,0.00 (2012),1.25 (2009),?,?,30.3,Guns in Iceland[36],Iceland,57008.0,54268,71687,79473.0
52,India,8,India,53.3,58.1,51.9,58.1,72.5,1407563842,India,0.99,5.7,India,20.0,16.53,India,Asia,3732224,2023,3385090,2022,3201471,2021,India,"Though stipulated by law, it varies from ₹160/- (US$2.16) per day in Bihar, ₹348/day (US$4.7) in Mumbai (2017)[110] ₹750/- (US$10) per day in Kerala. State governments set a separate minimum wage for agricultural workers.[10] The minimum wages are set according to Minimum Wages Act, 1948.[111]",674.0,2498.0,48,0.27,1.0,38%,2015,India,Asia,1425775850,4.57,299727860,4.11,27.31,41.64,26.94,2015[2],India,12.9,14.7,11.1,India,2014,0.30,0.30 (2016),0.04 (2008),0.14 (2008),?,4.2,Guns in India[37][38],,,,,
53,Indonesia,26,Indonesia,30.4,34.3,40.7,51.7,42,273753191,Indonesia,0.13,0.8,Indonesia,16.0,15.05,Indonesia,Asia,1417387,2023,1319100,2022,1186093,2021,Indonesia,"Established by provincial and district authorities, which vary by province, district, and sector; the lowest minimum wage is in the province of Yogyakarta at Rp 1,704,608 (US$121) per month and the highest is in Jakarta at Rp 4,276,349 (US$303) per month.[18] [112]",2449.0,7028.0,40,1.18,3.38,60.5%,1 February 2020,Indonesia,Asia,269603400,3.86,69855344,7.10,36.62,41.5,14.78,2017[2],Indonesia,2.6,4.0,1.2,,,,,,,,,,,,,,
54,Iran,21,Iran,32.5,30.3,27.2,24.3,25,87923432,Iran,–,1.0,Iran,14.0,14.79,Iran,Asia,366438,2023,388544,2022,594892,2021,Iran,"7,308,284 tomans (equal to Rls 73,082,840), and to (US$152 as 1 USD equals 481000 IRR on 3/20/2023) per month effective on the 2023 Persian New year;[113] set annually for each industrial sector and region. The standard workweek is 44 hours, and any work over 48 entitles the worker to overtime.[10]",20881.0,24253.0,44[114],9.13,10.6,131.1%,20 March 2023,Iran,Middle East,83955821,3.49,24056109,8.48,49.13,37.86,4.53,2016[2],Iran,5.1,7.5,2.8,,,,,,,,,,,,,,
55,Iraq,2,Iraq,80.1,49.7,--,39.6,--,43533592,Iraq,0.61,0.4,Iraq,27.0,24.22,Iraq,Asia,297695,2023,264182,2022,204004,2021,Iraq,"ID 250,000 (US$214) per month.[10]",2069.0,5222.0,40,0.99,2.51,30.1%,2014,Iraq,Middle East,40150200,7.7,5212262,1.23,10.21,20.83,67.74,1997[2],Iraq,4.7,7.3,2.4,,,,,,,,,,,,,,
56,Ireland,109,Ireland,7.5,8,8.6,10.6,9.5,5033165,Ireland,11.90,13.0,Ireland,12.0,12.08,Ireland,Europe,589569,2023,529245,2022,504183,2021,Ireland,"€11.30 (US$11.8) per hour, with sub-minimal rates for those aged 19 €10.17 (90% minimum), aged 18 €9.04 (80% minimum) and for those under the age of 18 €9.04 (70% of minimum) [115] Eurostat calculates the monthly rate for Ireland as (hourly rate x 39 hours x 52 weeks) / 12 months [116]",28302.0,23930.0,39,13.96,11.8,33.5%,1 January 2023,Ireland,Europe,4977400,2.77,1799221,21.58,48.05,26.21,4.16,2011[2],Ireland,8.9,14.3,3.6,Ireland,2014,0.87,0.21,0.62,0.02,0.02,7.20 (2017),Guns in Ireland[39],Ireland,37874.0,52793,53651,52243.0
57,Israel,53,Israel,18.8,18.7,16.9,20.8,18.6,9364000,Israel,1.75,3.8,Israel,20.0,17.3,Israel,Asia,521688,2023,522033,2022,481591,2021,Israel,"₪5,571.75 ILS (US$1725) per month; or ₪30.61 ILS (US$9.48) per hour.[118]",20700.0,15127.0,42,9.48,6.93,40.6%,1 April 2023,Israel,Middle East,9280200,3.14,2953648,21.01,39.99,28.29,10.70,2008[2],Israel,5.2,8.3,2.1,Israel,2015,1.38,0.68,0.43,0.21 (2014),0.22,7.3,Guns in Israel[40],Israel,37782.0,34993,42130,44156.0
58,Italy,52,Italy,18.9,15.2,18.5,17.1,14.9,59109668,Italy,9.62,7.5,Italy,7.0,7.0,Italy,Europe,2186082,2023,2010432,2022,2107703,2021,Italy,None; instead set generally through collective bargaining agreements on a sector-by-sector basis.[10][80],,,40,,,,2019,Italy,Europe,60026546,2.4,25020120,31.10,46.56,21.29,1.05,2011[2],Italy,4.3,6.7,2.1,Italy,2015,1.13,0.29,0.72,0.12,0.00,11.9,Guns in Italy[41],Italy,45290.0,47629,44246,44893.0
59,Ivory Coast,42,Ivory Coast,22.5,--,21.9,--,--,29389150,Ivory Coast,1.43,8.4,,,,Ivory Coast,Africa,79430,2023,70019,2022,69765,2021,,,,,,,,,,Ivory Coast,Africa,26453542,5.09,5197095,12.18,24.73,25.87,37.22,2012[2],Ivory Coast,15.7,25.7,5.0,,,,,,,,,,,,,,
60,Japan,97,Japan,9.1,9.1,9.8,11.4,12,125681593,Japan,7.85,8.0,Japan,7.0,6.9,Japan,Asia,4230862,2023,4231141,2022,4940878,2021,Japan,"Ranges from ¥893–¥1,113 (US$8.14–US$10.14) per hour; varies on a prefectural and industry basis.[120][121]",16924.0,17335.0,40,8.14,8.33,41%,14 October 2023,Japan,Asia,125800000,2.26,55704949,37.97,44.67,15.72,1.64,2020[2],Japan,12.2,17.5,6.9,Japan,2015,0.02,0.00,0.01,0.00,0.00,0.6,Guns in Japan[43],Japan,41428.0,40999,41442,41509.0
61,Kazakhstan,40,Kazakhstan,23.0,31.1,21.9,23.6,29.8,19000988,Kazakhstan,7.71,7.7,Kazakhstan,23.0,14.92,Kazakhstan,Asia,259292,2023,220623,2022,193018,2021,Kazakhstan,"₸70,000 (US$153) per month is the minimum wage in Kazakhstan.[124]",1972.0,7394.0,40,0.95,3.55,29.2%,1 January 2023,Kazakhstan,Asia,18815536,3.5,5381052,14.57,38.32,30.97,16.14,2009[2],Kazakhstan,18.1,30.9,6.9,,,,,,,,,,,,,,
62,Kenya,83,Kenya,11.5,14.3,14.2,--,--,53005614,Kenya,1.66,3.4,Kenya,28.0,26.01,Kenya,Africa,112749,2023,113420,2022,110347,2021,Kenya,"Set by the government by location, age and skill level; the lowest agricultural minimum wage for unskilled employees was KSh. 6,415.55/ (US$52.45) = per month, KSh. 269/40 (US$2.20) per day, excluding housing allowance.[10][18][125][126]",702.0,1656.0,52,0.26,0.61,52.5%,1 May 2017,Kenya,Africa,47564296,3.64,13071338,21.60,31.06,27.84,19.49,2015[2],Kenya,11.0,18.1,5.3,,,,,,,,,,,,,,
63,Kosovo,70,Kosovo,14.7,14.7,20,23.5,30.4,1786038,,,,Kosovo,15.0,14.57,Kosovo,Europe,10469,2023,9429,2022,9412,2021,Kosovo,€170 (US$224) per month for workers between 35 and 65 years of age; €130 (US$150) for workers under 35 years of age.[10][131],2413.0,5667.0,40,1.16,2.72,56.3%,17 August 2011,,,,,,,,,,,,,,,,,,,,,,,,,,,,
64,Kuwait,7,Kuwait,55.8,29.7,34,38.3,56,4250114,Kuwait,–,0.0,Kuwait,12.0,17.65,Kuwait,Asia,159687,2023,184558,2022,136642,2021,Kuwait,KD 60 (US$216) per month.[10][132],2400.0,3600.0,48,0.96,1.44,4.8%,14 April 2010,,,,,,,,,,,Kuwait,2.7,3.8,0.7,Kuwait,mixed years,0.36,0.36 (1995),0.00 (1999),0.00 (2000),0.00 (2000),24.8,Guns in Kuwait[44],,,,,
65,Kyrgyzstan,24,Kyrgyzstan,31.1,50.8,43.5,33.2,--,6691800,Kyrgyzstan,2.20,6.2,Kyrgyzstan,24.0,19.08,Kyrgyzstan,Asia,12681,2023,10931,2022,8741,2021,Kyrgyzstan,"1,140 som (US$14) per month, nominally; used for administrative purpose.[10][133][134][135]",162.0,661.0,40,0.08,0.32,18.6%,1 January 2017,Kyrgyzstan,Asia,6596500,4.21,1565200,8.21,30.82,36.13,24.85,2012[2],Kyrgyzstan,8.3,13.5,3.5,Kyrgyzstan,2015,0.72,0.30,0.07,0.19,0.16,0.9,Guns in Kyrgyzstan[45],,,,,
66,Laos,29,Laos,27.6,21.5,22.4,23.1,--,7275556,Laos,4.12,10.4,Laos,21.0,20.35,Laos,Asia,14244,2023,15724,2022,19074,2021,Laos,"₭800,000 (US$100) per month; additionally, employers were required to pay a ₭30,000 (US$3.74) meal allowance per day. The minimum wage for civil servants and state enterprise employees was last increased to ₭1,400,000 (US$170) per month.[10][136][137]",1732.0,5180.0,48,0.69,2.08,79.1%,2014,Laos,Asia,7231210,5.77,1254263,1.22,15.01,34.8,48.97,2005[2],Laos,6.0,8.6,3.5,,,,,,,,,,,,,,
67,Latvia,94,Latvia,10.1,--,11.3,13.3,--,1884490,Latvia,8.70,12.9,Latvia,9.0,8.5,Latvia,Europe,46668,2023,41154,2022,39854,2021,Latvia,€620 (US$733) per month.[138],8799.0,13053.0,40,4.23,6.28,51%,1 January 2023,Latvia,Europe,1898400,2.58,736370,26.47,49.93,19.72,3.88,2011[2],Latvia,16.1,29.0,4.6,Latvia,2015,1.86,0.40,1.16,0.05 (2014),0.30,19,Guns in Latvia[46],Latvia,13407.0,22140,33199,34136.0
68,Liechtenstein,105,Liechtenstein,8.3,7.2,--,--,--,39039,,,,Liechtenstein,9.0,10.3,Liechtenstein,Europe,—,—,—,—,6608,2021,Liechtenstein,None[10],,,48,,,,2014,Liechtenstein,Europe,38749,2.32,16700,34.17,44.75,19.5,1.58,2010[2],,,,,,,,,,,,,,,,,,
69,Lithuania,78,Lithuania,13.2,13.2,11.7,14.5,17.5,2800839,Lithuania,6.23,15.0,Lithuania,9.0,9.09,Lithuania,Europe,79427,2023,70334,2022,66445,2021,Lithuania,"€924(US$1092) per month, €5.65 (US$6.68) per hour for unskilled labor.[143]",13899.0,23043.0,40,6.68,11.08,77.2%,1 January 2024,Lithuania,Europe,2794870,2.32,1204383,34.71,45.4,18.00,1.89,2011[2],Lithuania,20.2,36.1,6.2,,,,,,,,,,Lithuania,17102.0,28340,44228,43875.0
70,Luxembourg,110,Luxembourg,7.4,9,9,9.6,11.2,640064,Luxembourg,14.35,13.0,Luxembourg,10.0,11.59,Luxembourg,Europe,89095,2023,82275,2022,85506,2021,Luxembourg,"€2,508.24 (US$2966) per month, €14.50 (US$17.15) per hour for unskilled workers over 18; increased by 20% for a skilled employee; decreased by 20% to 25% in the case of an adolescent worker.[144][37][145][146]",32103.0,26875.0,40,15.43,12.92,26.2%,1 April 2023,Luxembourg,Europe,626108,2.41,259519,32.30,44.15,21.45,2.10,2011[2],Luxembourg,8.6,11.8,5.4,Luxembourg,2015,1.23,0.18,0.88,0.00 (2014),0.18,15.3,Guns in Luxembourg[47],Luxembourg,64217.0,71085,74839,78310.0
71,"Macau, China",67,"Macau, China",15.4,17,17.8,23.5,21.2,686607,,,,,,,,,,,,,,,,,,,,,,,,,,,,,,,,,,,,,,,,,,,,,,,,,,,
72,Madagascar,36,Madagascar,23.7,21,20,--,--,28915653,Madagascar,1.25,1.9,Madagascar,35.0,28.14,Madagascar,Africa,15763,2023,14955,2022,14450,2021,Madagascar,"Ar 133,013.4 (US$30.82) per month, Ar 767.4. per hour for non-agricultural workers; Ar 134,920 (US$31.26) per month, 674.60 Ar. per hour for agricultural workers.[10][18]",376.0,1601.0,41[148],0.18,0.75,106.3%,1 January 2015,Madagascar,Africa,26251309,4.95,5304084,5.34,25.30,33.14,36.22,2011[2],Madagascar,9.2,13.3,5.4,,,,,,,,,,,,,,
73,Malaysia,59,Malaysia,17.7,19.4,15.6,19.4,--,33573874,Malaysia,0.87,0.9,Malaysia,14.0,14.39,Malaysia,Asia,430895,2023,406306,2022,372702,2021,Malaysia,"RM 1,500 (US$336) per month.[150]",4348.0,10843.0,45,1.86,4.63,39.2%,1 May 2022,Malaysia,Asia,32708730,4.56,7176812,7.14,25.64,37.86,29.36,2000[2],Malaysia,5.8,9.0,2.4,,,,,,,,,,,,,,
74,Maldives,90,Maldives,10.9,--,--,--,--,521457,Maldives,2.08,2.7,Maldives,13.0,15.33,Maldives,Asia,6977,2023,6190,2022,5406,2021,Maldives,"None; Rf. 3,100/- (US$242) per month in the government sector.[10]",,,48,,,,2014,Maldives,Asia,383135,5.4,70952,4.49,22.28,33.5,39.73,2017[2],Maldives,2.8,4.1,0.9,,,,,,,,,,,,,,
75,Malta,82,Malta,11.7,13.5,11.8,9.4,11,518536,Malta,6.91,8.1,Malta,9.0,9.59,Malta,Europe,20311,2023,17765,2022,17721,2021,Malta,€792.3 (US$767) per month.[152][153],11245.0,14406.0,40,5.41,6.93,38%,1 January 2022,Malta,Europe,514564,2.85,180375,17.15,49.78,30.40,2.66,2011[2],Malta,5.3,8.4,2.3,,,,,,,,,,,,,,
76,Mexico,49,Mexico,19.5,19.3,18.9,20,20.3,126705138,Mexico,5.04,6.5,Mexico,15.0,13.95,Mexico,Americas,1811468,2023,1414187,2022,1272839,2021,Mexico,Mex$207.44 (US$10.23) per day; Mex$312.41 (US$15.41) per day on the Free Zone of the Northern Border. Day off is paid according to Mexican labor legislation so the total amount of paid hours is 56 (Art. 69) [160],3104.0,6224.0,48,1.24,2.49,36%,2023,Mexico,North America,127792286,3.74,34167462,10.08,37.68,37.75,14.49,2015[2],Mexico,5.3,8.7,2.2,Mexico,2015,11.55,16.50 (2017),0.46,0.47,0.36,15,Guns in Mexico[48],Mexico,17311.0,17618,17467,16685.0
77,Moldova,41,Moldova,22.6,--,--,--,--,2615199,Moldova,8.62,15.2,Moldova,11.0,9.94,Moldova,Europe,16000,[n 14]2023,14421,[n 14]2022,13680,[n 14]2021,Moldova,"4,000 lei (US$222) per month in the private sector.[161]",2715.0,6997.0,40,1.31,3.36,131.2%,1 January 2023,Moldova,Europe,2640438,2.89,914026,22.64,43.62,27.87,5.87,2014[2],Moldova,12.2,22.1,3.3,Moldova,2016,0.77,0.31,0.26,0.06,0.14,7.1,Guns in Moldova[49],,,,,
78,Mongolia,28,Mongolia,29.5,33.1,46.6,62,58.5,3347782,Mongolia,1.95,7.4,Mongolia,22.0,15.37,Mongolia,Asia,18782,2023,16811,2022,15098,2021,Mongolia,"₮550,000 (US$145) per month.[164]",2316.0,7946.0,40,1.11,3.82,64.9%,1 January 2023,Mongolia,Asia,3348124,4.32,774771,6.61,28.72,40.34,24.33,2000[2],Mongolia,18.0,31.1,5.6,,,,,,,,,,,,,,
79,Montenegro,64,Montenegro,15.7,35.2,26.1,--,--,619211,Montenegro,–,8.0,Montenegro,11.0,11.04,Montenegro,Europe,7058,2023,6096,2022,5809,2021,Montenegro,€450 (US$511) netto per month.[10][165],6387.0,12558.0,40,3.07,6.04,71.2%,1 January 2022,Montenegro,Europe,621873,3.21,193488,18.13,39.58,33.35,8.94,2011[2],Montenegro,16.2,25.4,7.9,Montenegro,2009,8.68,2.50 (2016),6.59,?,?,23.1,Guns in Montenegro[50],,,,,
80,Myanmar,35,Myanmar,24.3,25.9,29.4,31,--,53798084,Myanmar,0.21,4.8,Myanmar,17.0,16.04,Myanmar,Asia,74861,2023,59364,2022,58582,2021,Myanmar,"Ks 3,600/- per day, Ks 450/- per hour.[10][170][171]",691.0,3011.0,44,0.3,1.32,52.6%,1 September 2015,Myanmar,Asia,54817919,4.22,12978359,5.35,33.49,39.14,22.01,2016[2],Myanmar,3.0,5.1,1.1,,,,,,,,,,,,,,
81,Nepal,16,Nepal,40.1,46,39.2,44.5,54.1,30034989,Nepal,–,2.0,Nepal,20.0,17.26,Nepal,Asia,41339,2023,40828,2022,36207,2021,Nepal,"NRs. 15,000/- (US$126.98) per month[173]",1524.0,4913.0,48,0.61,1.97,198.3%,July 2021,Nepal,Asia,29996478,4.24,7075702,6.45,33.96,36.57,23.02,2016[2],Nepal,9.8,18.6,2.9,,,,,,,,,,,,,,
82,Netherlands,87,Netherlands,11.0,11.3,9.7,10.9,11.7,17533044,Netherlands,9.80,8.7,Netherlands,10.0,10.98,Netherlands,Europe,1092748,2023,991115,2022,1012847,2021,Netherlands,"€1,934.40 (US$2288) per month, and €11.16 (US$13.2) per hour for persons 21 and older; between 30–80% (as low as €3.35 per hour) of this amount for persons aged 15–20.[174] An additional holiday allowance of 8% of the annual wage is paid in May or June, prorated for the time worked in the year.",24925.0,23679.0,40[175],11.98,11.38,46.9%,1 January 2023,Netherlands,Europe,17531181,2.23,7874258,35.11,45.53,18.01,1.35,2011[2],Netherlands,9.3,12.5,6.1,Netherlands,2016,0.42,0.16,0.24,0.01,0.00 (2015),2.60 (2017),Guns in Netherlands[51],Netherlands,60063.0,66270,67163,63225.0
83,New Caledonia,125,New Caledonia,3.5,3.8,3.7,--,--,271030,New Caledonia,11.26,–,,,,New Caledonia,Oceania,—,—,—,—,10071,2021,,,,,,,,,,,,,,,,,,,,,,,,,,,,,,,,,,,,,
84,New Zealand,121,New Zealand,4.8,6.8,7,7.5,7.7,5122600,New Zealand,8.85,10.7,New Zealand,11.0,12.69,New Zealand,Oceania,249415,2023,247234,2022,250451,2021,New Zealand,"$NZ 22.70 (US$14.23) per hour for workers 18 years old or older, and $NZ 18.16 (US$11.38) per hour for those aged 16 or 17 or in training; there is no statutory minimum wage for employees who are aged 15 years or under.[176]",33487.0,28790.0,40,16.1,13.84,74.7%,1 April 2023,New Zealand,Australasia,5095668,2.67,1906474,22.84,50.52,22.09,4.55,2013[2],New Zealand,10.3,15.4,5.4,New Zealand,2015,1.24,0.20 (2016),0.92 (2015),0.14 (2015),0.02,30,Guns in New Zealand[52][53],New Zealand,36452.0,44476,51417,50722.0
85,Nicaragua,100,Nicaragua,8.9,--,--,--,--,6850540,Nicaragua,2.34,5.2,Nicaragua,19.0,16.3,Nicaragua,Americas,17353,2023,15672,2022,14013,2021,Nicaragua,"Set for nine different economic sectors; ranges from C$4,414 per month in the agricultural sector to C$7,133.44 per month in the financial sector.[18]",1506.0,4704.0,48,0.6,1.88,84.9%,1 March 2021,Nicaragua,Central America,6527691,4.92,1326800,4.59,26.37,35.96,33.08,2005[2],Nicaragua,4.7,7.8,1.9,Nicaragua,2018,7.09,6.22,0.17,0.46,0.24,7.7,Guns in Nicaragua[54],,,,,
86,Nigeria,18,Nigeria,36.9,34,--,21.4,44.8,213401323,Nigeria,0.66,13.4,Nigeria,37.0,34.0,Nigeria,Africa,390002,2023,477386,2022,430923,2021,Nigeria,"₦30,000 per month (following the recent devaluation of the naira has fallen to US$76.92, or US$66.6 using the parallel market rate).[177][178]",901.0,2911.0,40,0.43,1.4,49.7%,18 November 2019,Nigeria,Africa,206139587,4.9,42057041,11.51,25.53,27.86,35.10,2015[2],Nigeria,6.9,10.1,3.8,,,,,,,,,,,,,,
87,North Macedonia,31,North Macedonia,25.6,25.4,30.6,32.4,35.5,2065092,,,,,,,North Macedonia,Europe,15801,2023,13563,2022,13881,2021,North Macedonia,"DEN 22,146, (US$406) gross per month.[179][180][181]",2418.0,5488.0,40,1.16,2.64,36.7%,1 April 2021,,,,,,,,,,,North Macedonia,7.2,11.0,3.5,,,,,,,,,,,,,,
88,Norway,114,Norway,7.0,7.5,5.7,6.9,7.6,5408320,Norway,4.97,7.5,Norway,10.0,11.89,Norway,Europe,546768,2023,579267,2022,482175,2021,Norway,"None; wages normally fall within a national scale negotiated by labor, employers, and local governments.[10]",,,37.5,,,,2014,Norway,Europe,5374807,2.22,2426071,39.58,40.73,18.13,1.56,2011[2],Norway,11.8,15.8,7.7,Norway,2015,1.48,0.06,1.40,0.00 (2014),0.00 (2014),31.3,Guns in Norway[57],Norway,36444.0,47531,52415,53756.0
89,Pakistan,3,Pakistan,70.9,66.8,59,65.8,74.3,231402117,Pakistan,–,0.3,Pakistan,28.0,26.01,Pakistan,Asia,340636,2023,376533,2022,342501,2021,Pakistan,"PRs. 17,500/- (US$107) per month.[10][18][41]",1289.0,6546.0,48,0.52,2.62,125%,1 June 2016,Pakistan,Asia,220892331,6.8,32462785,1.08,12.88,25.16,60.88,2013[2],Pakistan,9.8,14.6,4.8,,,,,,,,,,,,,,
90,Panama,98,Panama,9.0,--,--,--,--,4351267,Panama,5.74,7.9,Panama,15.0,17.71,Panama,Americas,82348,2023,76523,2022,63605,2021,Panama,"B/.1.53 to B/.4.45 (US$1.53 – US$4.45) per hour, depending on region and sector. Food and the use of housing facilities were considered part of the salary for some workers, such as domestic and agricultural workers. Salaries for domestic workers ranged from B/.250 to B/.275 (US$250-US$275) per month. The agricultural and construction sectors received the lowest and highest minimum wages, respectively.[10][189][190]",3819.0,6473.0,48,1.53,2.59,28.1%,1 January 2018,Panama,Central America,4278500,3.67,1165778,14.66,38.02,31.26,16.06,2010[2],Panama,2.9,4.8,1.0,Panama,2015,9.95,9.30,0.14,0.05,0.46,21.7,Guns in Panama[58],,,,,
91,Peru,38,Peru,23.5,29.6,17.9,23.3,28,33715471,Peru,4.00,6.3,Peru,17.0,16.96,Peru,Americas,264636,2023,242632,2022,223252,2021,Peru,"S/.1,025 (US$244) per month.[195]",3170.0,7069.0,48,1.27,2.83,54.3%,1 June 2022,Peru,South America,32625948,3.75,8695193,12.91,34.68,36.02,16.39,2012[2],Peru,2.7,4.1,1.4,Peru,2015,3.72,3.20 (2016),0.01 (2015),0.12 (2015),0.29 (2015),18.8,Guns in Peru[60],,,,,
92,Philippines,69,Philippines,14.9,15.6,12.8,17.6,14.6,113880328,Philippines,6.77,6.6,Philippines,22.0,22.17,Philippines,Asia,435675,2023,404284,2022,394086,2021,Philippines,Ranges from ₱341 (US$6.12) daily non-agricultural wage in Ilocos to ₱570 (US$10.23) daily non-agricultural wage in Metro Manila.[196],3009.0,7337.0,40[197],1.45,3.53,94%,1 April 2023,Philippines,Asia,109441605,4.23,25893157,9.18,30.05,36.82,23.95,2017[2],Philippines,2.5,3.9,1.3,Philippines,2011,7.72,7.62,0.03,0.03,0.01,4.7,Guns in Philippines[61],,,,,
93,Poland,62,Poland,16.3,19.1,16.9,18.7,22.4,37747124,Poland,7.93,11.6,Poland,9.0,8.31,Poland,Europe,842172,2023,688177,2022,679442,2021,Poland,"zł 3,600 (US$933) per month, or zł 23.5 (US$5.77) per hour is the minimum wage in Poland.[198][18]",11192.0,22979.0,40,5.38,11.05,83.9%,1 July 2023,Poland,Europe,38352000,2.81,13666831,20.67,49.49,24.80,5.04,2011[2],Poland,9.3,16.5,2.4,Poland,2015,0.20,0.03,0.10,0.02,0.04,1.3,Guns in Poland[62],Poland,23770.0,28091,37325,36897.0
94,Portugal,106,Portugal,8.1,7.1,9.1,9.3,9.4,10325147,Portugal,13.57,12.3,Portugal,8.0,7.99,Portugal,Europe,276432,2023,251945,2022,253663,2021,Portugal,"€886 per month (US$828) in 12 payments; €760 per month (US$710) in 14 payments for full-time workers, rural workers, and domestic employees ages 18 and older.[199][37]",9935.0,12353.0,40,4.78,5.94,40.3%,1 January 2023,Portugal,Europe,10295909,2.66,3876822,18.91,56.47,22.68,1.93,2011[2],Portugal,7.2,11.6,3.5,Portugal,2014,1.48,0.24,1.12,0.01,0.10,8.5,Guns in Portugal[63],Portugal,30975.0,31589,31300,31922.0
95,Puerto Rico,122,Puerto Rico,4.3,4.8,3.7,10.2,13.7,3263584,,,,,,,Puerto Rico,Americas,117515,2023,113435,2022,106526,2021,,,,,,,,,,Puerto Rico,Caribbean,3193694,2.67,1195915,23.06,50.37,23.17,3.40,2010[2],,,,,,,,,,,,,,,,,,
96,Qatar,14,Qatar,42.5,38.2,44.3,--,--,2688235,Qatar,–,2.0,Qatar,10.0,9.27,Qatar,Asia,235500,2023,237296,2022,179571,2021,Qatar,"QR 1,500-1,800 a month in total. QR 1,000 (US$274) base pay per month plus the provision of QR 500 a month (US$137) for accommodation. Add QR 300 a month (US$82.2) for food if those expenses are not provided as part of the contract).[200]",,,48,,,,2021,,,,,,,,,,,Qatar,4.7,5.7,1.7,Qatar,?,0.15,0.15 (2004),?,?,?,19.2,Guns in Qatar[64],,,,,
97,Romania,60,Romania,17.2,15.3,15.8,18.3,18.6,19119880,Romania,10.88,12.6,Romania,9.0,8.63,Romania,Europe,350414,2023,301262,2022,284086,2021,Romania,"3,000 lei (US$650) per month; else 18.145 lei (US$3.95) per hour for a full-time schedule of 165 hours per month is the minimum wage in Romania.[201]",8654.0,19048.0,40,4.16,9.16,82.7%,1 January 2023,Romania,Europe,19317984,2.88,6709224,20.91,46.98,26.47,5.63,2011[2],Romania,7.3,12.6,2.4,Romania,mixed years,0.14,0.04 (2012),0.06 (2011),0.04 (2011),0.00 (2011),0.7,Guns in Romania[65],,,,,
98,Russia,86,Russia,11.2,12.3,9.3,9.9,11.4,143449286,Russia,8.08,11.7,Russia,10.0,9.22,Russia,Europe,1862470,2023,2240422,2022,1778782,2021,Russia,"16,242₽ (US$164) (Federal, in some territories more, for example, 24,284₽ (US$245) in Moscow)[202]",2646.0,7834.0,40,1.27,3.77,31.6%,1 January 2023,Russia,Eurasia,146748590,2.58,56771478,25.97,50.83,19.55,3.65,2010[2],Russia,21.6,38.2,7.2,Russia,mixed years,?,0.90 (2013),?,?,?,12.30 (2017),Guns in Russia[66],,,,,
99,Rwanda,13,Rwanda,44.0,--,--,--,--,13461888,Rwanda,0.71,9.0,Rwanda,30.0,25.7,Rwanda,Africa,13927,2023,13313,2022,11070,2021,Rwanda,"None; ranges from FRw 500 to FRw 1,000 (US$0.83 to US$1.66) per day in the tea industry and FRw 1,500 to FRw 5,000 (US$2.50 to US$8.30) per day in the construction industry.[10]",,,45,,,,2013,Rwanda,Africa,12663116,4.26,2973056,8.15,30.76,34.88,26.2,2015[2],Rwanda,9.5,14.8,5.0,,,,,,,,,,,,,,
100,Saudi Arabia,15,Saudi Arabia,41.5,32.7,23.3,22.1,--,35950396,Saudi Arabia,–,0.2,Saudi Arabia,17.0,13.9,Saudi Arabia,Asia,1069437,2023,1108149,2022,833541,2021,Saudi Arabia,"SRls 4,000 (US$1066,66) per month for public sector; does not apply to foreign workers. There are no minimum wage in private sector.[10][211]",12800.0,24742.0,48,5.13,9.91,45.5%,2 February 2013,,,,,,,,,,,Saudi Arabia,5.4,7.8,1.9,,,,,,,,,,,,,,
101,Senegal,47,Senegal,20.4,--,11.2,--,--,16876720,Senegal,0.41,0.7,Senegal,32.0,30.84,Senegal,Africa,31141,2023,27684,2022,27625,2021,Senegal,F.CFA 209.1 (US$0.42) per hour for general workers and F.CFA 182.95 (US$0.37) per hour for agricultural workers.[10][18][212],686.0,1617.0,40,0.33,0.78,63%,1 January 1996,Senegal,Africa,16705608,8.66,1928689,6.92,11.47,15.48,66.13,2017[2],Senegal,11.0,18.5,5.2,,,,,,,,,,,,,,
102,Serbia,33,Serbia,24.7,25.5,24.3,23.3,23.9,6834326,Serbia,–,11.1,Serbia,9.0,8.87,Serbia,Europe,75015,2023,63502,2022,63068,2021,Serbia,"DIN 53,915 (460eu or $510) monthly.[213]",3610.0,7291.0,40,1.74,3.51,50.2%,1 January 2022,Serbia,Europe,6926705,2.88,2405804,22.33,44.81,26.19,6.67,2011[2],Serbia,7.9,12.2,3.9,Serbia,2015,3.23,0.72,2.15,0.06,0.31,37.82,Guns in Serbia[67],,,,,
103,Singapore,77,Singapore,13.3,13.8,11.8,19,14.8,5453566,Singapore,2.10,2.5,Singapore,9.0,8.94,Singapore,Asia,497347,2023,466789,2022,396992,2021,Singapore,"None.[10] However, two exceptions: 1) Cleaner jobs to have a minimum wage of S$1,200 (US$860) per month effective July 2019.[220] 2) Security guards to have a minimum wage of S$1,100 ($802) per month effective September 2016.[221]",,,44,,,,2019,Singapore,Asia,5685807,3.29,1727455,12.21,38.95,37.69,11.15,2010[2],Singapore,9.7,12.7,6.4,Singapore,mixed years,0.01,0.005 (1994-),0.0165 (1994-),0.003 (1994-),0.00 (1994-),0.5,Guns in Singapore[2],,,,,
104,Slovakia,71,Slovakia,14.5,16,15.3,16.1,18.5,5447247,Slovakia,13.00,11.5,Slovakia,10.0,8.78,Slovakia,Europe,133044,2023,115469,2022,116527,2021,Slovakia,"€700 (US$828) per month, or €4.03 (US$4.77) per hour.[18][222]",9914.0,15241.0,40,4.77,7.33,50%,1 January 2023,Slovakia,Europe,5460136,2.8,1948989,20.83,47.99,26.99,4.20,2011[2],Slovakia,9.3,16.7,2.6,Slovakia,2014,1.89,0.30,0.97,0.37,0.35,8.3,Guns in Slovakia[68],Slovakia,16381.0,22642,27052,26263.0
105,Slovenia,68,Slovenia,15.1,13.3,--,--,--,2108079,Slovenia,15.15,12.6,Slovenia,9.0,8.12,Slovenia,Europe,68394,2023,62118,2022,61749,2021,Slovenia,€1203.36 (US$1423) per month.[18][37][223],17079.0,21553.0,40,8.21,10.36,65.9%,1 January 2023,Slovenia,Europe,2100126,2.47,851149,32.60,43.69,20.54,3.16,2015[2],Slovenia,14.0,22.7,5.5,Slovenia,2015,1.91,0.00 (2016),1.71,0.05,0.05,13.5,Guns in Slovenia[69],Slovenia,33203.0,42846,48605,47204.0
106,South Africa,39,South Africa,23.4,22.7,18,21.6,--,59392255,South Africa,7.72,9.3,South Africa,20.0,18.24,South Africa,Africa,380906,2023,405870,2022,419016,2021,South Africa,"R 23.19 (US$1.34) per hour for all workers, except for Expanded Public Works Programme workers who have a minimum of R 12.75 (US$0.74).[224]",3671.0,10316.0,45,1.57,4.41,78.2%,1 March 2022,South Africa,Africa,59622350,3.36,17733119,23.84,36.32,24.66,15.17,2016[2],South Africa,23.5,37.9,9.8,South Africa,2015,10.47,12.92 (2018),1.80 (2009),10.25,0.01,12.7,Guns in South Africa[70],,,,,
107,South Korea,56,South Korea,18.3,19.1,19.5,24.8,24,51744876,South Korea,14.40,10.2,South Korea,5.0,6.95,South Korea,Asia,1709232,2023,1665246,2022,1810966,2021,South Korea,"₩9,620 (US$7.9 as of 2nd February 2023) per hour is the nominal minimum wage in South Korea,[129] although the real effective comparable minimum wage is higher at ₩11,544 (US$9.5 as of 2nd February 2023) per hour due to a mandatory weekly paid holiday for people that work more than 15 hours per week, a law that is absent in other developed countries.[130] The minimum wage law applies equally to foreign, temporary or young workers covering all industries and regions nationwide.",20990.0,23922.0,40,10.09,11.5,65.5%,1 January 2023,,,,,,,,,,,South Korea,21.2,29.7,13.4,South Korea,2015,0.06,0.03,0.01,0.01,0.01,1.1,Guns in South Korea[71],South Korea,32243.0,39730,48294,48922.0
108,Spain,89,Spain,10.9,10.7,10.4,9.7,10.3,47415750,Spain,11.09,10.0,Spain,7.0,7.12,Spain,Europe,1582054,2023,1397509,2022,1427381,2021,Spain,"€1,260 (US$1455) per month in 12 payments, €1,080 (US$1277) per month in 14 payments.[226]",17457.0,19946.0,40,8.39,9.59,54.9%,1 January 2023,Spain,Europe,47329981,2.69,17565288,19.06,53.4,25.56,1.98,2011[2],Spain,5.3,7.9,2.8,Spain,2015,0.57,0.10 (2016),0.43 (2015),0.05 (2015),0.01 (2015),10.4,Guns in Spain[72],Spain,43029.0,46538,43828,42859.0
109,Sri Lanka,46,Sri Lanka,20.7,17.4,22.4,25.2,32,22156000,Sri Lanka,0.21,4.3,Sri Lanka,13.0,13.61,Sri Lanka,Asia,—,—,74404,2022,85309,2021,Sri Lanka,"SL Rs. 10,000/- (US$70.75) per month.The minimum wages are set according to National Minimum Wage of Workers Act, No. 3 of 2016[18]",603.0,2414.0,48,0.24,0.97,19.6%,1 January 2016,,,,,,,,,,,Sri Lanka,12.9,20.9,6.1,,,,,,,,,,,,,,
110,Sudan,12,Sudan,44.6,44.1,--,--,--,45657202,Sudan,0.26,0.5,Sudan,34.0,33.32,Sudan,Africa,25569,2023,51662,2022,35867,2021,Sudan,LS 425 (US$0.95 as of August 2021) per month.[227] See Minimum wage in Sudan.,13.0,1087.0,40,0.01,0.52,23%,2013,Sudan,Africa,42996555,5.59,7691174,5.06,20.66,26.80,47.48,2008[2],Sudan,4.8,6.3,3.3,,,,,,,,,,,,,,
111,Suriname,113,Suriname,7.0,--,--,--,--,612985,Suriname,4.68,5.1,Suriname,17.0,15.17,Suriname,Americas,3539,2023,3621,2022,3224,2021,Suriname,None; Sur$20 (US$0.66) per hour for household domestics and shop assistants; the Ministry of Labour recommends all other sectors use this as the de facto minimum wage. .,,,40,,,,2022,Suriname,South America,590100,3.94,149741,14.97,32.77,31.85,20.41,2004[2],Suriname,25.9,41.3,11.8,,,,,,,,,,,,,,
112,Sweden,115,Sweden,6.2,6.6,5,6.6,7.4,10415811,Sweden,6.04,9.2,Sweden,11.0,10.76,Sweden,Europe,597110,2023,585939,2022,635664,2021,Sweden,"None; in Sweden the law provides for the right of workers to form and join independent unions to bargain wages collectively, and it prohibits antiunion discrimination.[10]",,,40,,,,2017,Sweden,Europe,10379295,2.17,4776239,40.32,38.32,14.86,?,2020[4],Sweden,12.4,16.9,7.7,Sweden,2016,1.31,0.40 (2017),0.96,0.01,0.04,23.10 (2017),Guns in Sweden[73],Sweden,37651.0,45337,51214,50407.0
113,Switzerland,95,Switzerland,10.0,10.8,9,10.9,11.6,8703405,Switzerland,11.27,11.5,Switzerland,10.0,10.3,Switzerland,Europe,905684,2023,807706,2022,812867,2021,Switzerland,"SFr 20 (US$21.98) per hour in the cantons Jura and Neuchâtel, the rest of the country has no minimum wage.[228] There are a minority of the voluntary General Labour Contracts (GLC, collective labour agreements), reached on a sector-by-sector basis,[229] contain minimum compensation clauses, which provide for compensation ranging from SFr 2,200 to SFr 4,200 (US$2418 to US$4615) per month for unskilled workers and SFr 2,800 to SFr 5,300 (US$3077 to US$5824) per month for skilled employees.[10] On 18 May 2014, Swiss voters rejected a federal initiative (by 76.3%) that would have enforced GLCs for every sector and set the hourly minimum wage at SFr 22 (US$24.18, or PPP-adjusted US$12.55).[230][231]",,,41.7[232][233],,,,2014,Switzerland,Europe,8632703,2.21,3901112,37.51,43.64,17.23,1.62,2000[2],Switzerland,9.8,14.2,5.7,Switzerland,Mixed years,2.64,0.09 (2021),2.32 (2017),?,0.19 (2017),27.6 - 41.2 (2017),Gun laws in Switzerland[74][75],Switzerland,60768.0,67961,69728,72993.0
114,Syria,48,Syria,20.0,23,--,32.2,--,21324367,Syria,0.21,0.3,Syria,20.0,22.19,Syria,Asia,—,—,—,—,19719,2021,Syria,"LS 9,765 to LS 14,760 (US$6–US$10)(adjusted for inflation) per month, plus benefits, including compensation for meals, uniforms, and transportation.[82]",96.0,2850.0,40,0.4,1.37,54%,2013,,,,,,,,,,,Syria,2.1,3.5,0.8,,,,,,,,,,,,,,
115,Taiwan,76,Taiwan,13.4,16.2,15,17.2,18.5,23816775,,,,Taiwan,7.0,7.33,Taiwan,Asia,751930,[n 4]2023,—,—,—,—,Taiwan,"NT$27,470 (US$853) per month; NT$183 (US$5.7) per hour is the minimum wage in Taiwan.[234]",11973.0,23432.0,40,5.76,11.27,33.7%,1 January 2024,,,,,,,,,,,,,,,Taiwan,mixed years,0.87,0.60 (2008),0.12 (1994),0.11 (1994),0.04 (1994),?,Guns in Taiwan[76],,,,,
116,Tajikistan,10,Tajikistan,46.0,59.4,30.9,--,--,9750064,Tajikistan,1.78,3.3,Tajikistan,27.0,20.28,Tajikistan,Asia,11816,2023,10492,2022,8746,2021,Tajikistan,"SM 250 (US$31) per month, plus certain government subsidies for workers and their families.[82][235]",265.0,1288.0,40,0.13,0.62,43.2%,1 September 2013,Tajikistan,Asia,9313800,6.27,1485317,2.96,12.06,29.22,55.76,2012[2],Tajikistan,5.3,7.4,3.4,,,,,,,,,,,,,,
117,Thailand,57,Thailand,18.1,20.2,21.4,24.3,26.4,71601103,Thailand,8.64,8.3,Thailand,10.0,10.04,Thailand,Asia,512193,2023,495341,2022,505982,2021,Thailand,"Ranges from ฿328 to ฿354 (US$9.01–US$9.72) per day and up, depending on the cost of living in various provinces; set by provincial tripartite wage committees that sometimes include only employer representatives.[237]",3733.0,9313.0,48,1.5,3.73,55.1%,1 January 2023,Thailand,Asia,66577342,3.69,18042640,18.36,44.71,28.16,8.77,2010[2],Thailand,8.0,13.9,2.3,,,,,,,,,,,,,,
118,Trinidad and Tobago,118,Trinidad and Tobago,5.1,7.1,--,--,--,1525663,Trinidad and Tobago,3.69,8.4,Trinidad and Tobago,11.0,10.62,Trinidad and Tobago,Americas,27887,2023,27899,2022,24460,2021,Trinidad and Tobago,TT$15 (US$355.03) per hour;[239] (US$355) per month,4615.0,5503.0,40,2.22,2.65,16.7%,1 January 2015,Trinidad and Tobago,Caribbean,1366725,3.29,415308,19.21,39.79,29.36,11.64,2011[2],Trinidad and Tobago,8.3,13.1,3.7,,,,,,,,,,,,,,
119,Turkey,45,Turkey,21.1,20,18.7,20.6,21.9,84775404,Turkey,1.35,2.0,Turkey,13.0,14.04,Turkey,Asia,1154600,2023,905988,2022,819034,2021,Turkey,"₺13,415 (US$515 per July 2023 exchange rate) gross per month. ₺11,402 (US$438 per July 2023 exchange rate) net per month.[241] Public servants receive minimum 22000 TL per month.",18190.0,103192.0,40,8.75,49.61,408.7%,1 July 2023,Turkey,Eurasia,84140990,2.16,38400610,6.37,36.23,39.03,18.36,2020[2],Turkey,2.3,3.6,1.2,Turkey,mixed years,1.95,1.03 (2016),0.81 (2013),0.11 (2016),0.01 (2016),?,Mixed sources [77][78][79],Turkey,,22847,31761,
120,Turkmenistan,44,Turkmenistan,21.6,20.4,17,--,--,6341855,Turkmenistan,1.17,5.4,Turkmenistan,22.0,17.16,Turkmenistan,Asia,81822,2023,—,—,53954,2021,,,,,,,,,,,,,,,,,,,,Turkmenistan,6.1,9.4,2.9,,,,,,,,,,,,,,
121,U.S. Virgin Islands,129,U.S. Virgin Islands,2.9,4.5,3.7,3.5,--,105870,,,,,,,,,,,,,,,,,,,,,,,,,,,,,,,,,,,,,,,,,,,,,,,,,,,
122,USA,99,USA,8.9,10.3,9.6,9,9.1,331893745,,,,,,,,,,,,,,,,,,,,,,,,,,,,,,,,,,,,,,,,,,,,,,,,,,,
123,Uganda,17,Uganda,39.6,27.6,26.1,29.1,40.8,45853778,Uganda,0.46,9.5,Uganda,37.0,40.27,Uganda,Africa,52390,2023,45559,2022,42661,2021,Uganda,"USh. 130,000/= (US$34.58) per month.[10][18][41]",426.0,1298.0,40,0.2,0.62,71.3%,1 July 2017,Uganda,Africa,41583600,4.53,9170821,13.68,25.30,28.75,32.26,2016[2],Uganda,10.4,19.4,3.7,,,,,,,,,,,,,,
124,Ukraine,96,Ukraine,9.7,18.5,19.2,16.6,14,43792855,Ukraine,2.31,8.6,Ukraine,7.0,8.79,Ukraine,Europe,173413,[n 6]2023,160503,[n 6]2022,200086,[n 6]2021,Ukraine,"₴6,700 (US$183.21) per month,  ₴40.46 (US$1.11) per hour,  annual wage US$2,870[18][242]",2946.0,13604.0,40,1.42,6.54,164.5%,1 July 2023,Ukraine,Europe,41723998,2.46,16972715,27.9,51.22,18.07,2.81,2007[2],Ukraine,17.7,32.7,4.7,Ukraine,2016,1.36,1.36 (2016),?,?,?,6.6,Guns in Ukraine[80],,,,,
125,United Arab Emirates,11,United Arab Emirates,45.9,36,29.2,38.9,49.9,9365145,United Arab Emirates,3.06,3.8,United Arab Emirates,10.0,10.76,United Arab Emirates,Asia,509179,2023,507535,2022,405468,2021,United Arab Emirates,None.[10],,,48,,,,2013,,,,,,,,,,,United Arab Emirates,5.2,6.3,2.6,,,,,,,,,,,,,,
126,United Kingdom,101,United Kingdom,8.9,8.8,8.3,10.5,10.8,67326569,United Kingdom,–,11.4,United Kingdom,10.0,10.8,United Kingdom,Europe,3332059,2023,3070668,2022,3131378,2021,United Kingdom,"The minimum wage in the United Kingdom is: £10.42 stg (US$14.27) per hour for those aged 23+ £10.18 (US$13.95) per hour for those aged 21–22  £7.49 (US$10.26) per hour for those aged 18–20  £5.28 (US$7.23) per hour for those aged 16-17, apprentices aged 16 to 18, and those aged 19 or over who are in their first year of apprenticeship.[243] Employees under the age of 16 aren't entitled to the National Minimum Wage.",29690.0,27092.0,40,14.27,13.03,63.5%,1 April 2023,United Kingdom,Europe,66796807,2.27,29486179,33.01,48.96,16.24,1.79,2011[2],United Kingdom,6.9,10.4,3.4,United Kingdom,2015,0.20,0.02,0.16,0.01,0.01,2.8[81],Guns in the United Kingdom[82],United Kingdom,44967.0,52455,53612,53985.0
127,Uruguay,85,Uruguay,11.3,14.2,--,--,--,3426260,Uruguay,8.17,10.8,Uruguay,10.0,12.65,Uruguay,Americas,76244,2023,71177,2022,59318,2021,Uruguay,"$U 21,107 (US$545) per month.[249]",5816.0,10810.0,48,2.33,4.33,50%,2023,Uruguay,South America,3530912,2.78,1269537,23.52,47.68,23.37,5.43,2011[2],Uruguay,18.8,31.1,7.7,Uruguay,2015,11.67,4.70 (2016),4.55,2.09,0.06,31.8,Guns in Uruguay[84],,,,,
128,Uzbekistan,20,Uzbekistan,33.5,42.8,29.9,41.2,34.3,34915100,Uzbekistan,1.55,2.7,Uzbekistan,26.0,15.18,Uzbekistan,Asia,90392,2023,80392,2022,69239,2021,Uzbekistan,"920,000 soum (US$84) per month.[250]",1041.0,8591.0,40,0.5,4.13,131.9%,1 June 2022,Uzbekistan,Asia,34529473,5.24,6586983,5.26,18.90,33.62,42.22,1996[2],Uzbekistan,8.3,11.8,4.9,,,,,,,,,,,,,,
129,Vietnam,30,Vietnam,27.2,24.7,28,34.1,32.9,97468029,Vietnam,1.21,8.3,Vietnam,15.0,15.29,Vietnam,Asia,433356,2023,408802,2022,366138,2021,Vietnam,"Varies by region; Region I: VND 4,420,000 per month; Region II: VND 3,920,000 per month; Region III: VND 3,430,000 per month and Region IV: VND 3,070,000 per month.[255]",1591.0,4089.0,40,0.76,1.97,65%,1 January 2020,Vietnam,Asia,96483981,3.78,25503951,7.28,36.25,43.44,13.02,2009[2],Vietnam,7.2,10.6,4.2,,,,,,,,,,,,,,
130,Zambia,34,Zambia,24.6,--,--,--,--,19473125,Zambia,0.63,4.8,Zambia,34.0,34.48,Zambia,Africa,29536,2023,29784,2022,21313,2021,Zambia,"Varies by sector; ZK 993.6 (US$81) per month for domestic workers. Shop workers' minimum wage is ZK 1,698.6 with transport, lunch and housing allowances inclusive, and wages increasing according to the grades of employees, with the minimum wage of the highest grade in this category being ZK 3,558.9. In the general workers' category, which includes receptionists and guards among others, the minimum wage for category one workers is ZK 1,698.6, while the highest category is at ZK 3,151.61.[256]",596.0,3180.0,48,0.24,1.27,80.8%,10 September 2018,Zambia,Africa,17885422,5.13,3485901,7.17,21.41,30.06,41.35,2013[2],Zambia,14.4,25.7,5.3,,,,,,,,,,,,,,
